[
    {
        "BuySell": "B",
        "Price": 100,
        "Quantity": 50,
        "Sequence": 1,
        "Symbol": "AAPL"
    },
    {
        "BuySell": "B",
        "Price": 98,
        "Quantity": 30,
        "Sequence": 2,
        "Symbol": "AAPL"
    },
    {
        "BuySell": "S",
        "Price": 101,
        "Quantity": 20,
        "Sequence": 3,
        "Symbol": "AAPL"
    },
    {
        "BuySell": "S",
        "Price": 102,
        "Quantity": 10,
        "Sequence": 4,
        "Symbol": "AAPL"
    },
    {
        "BuySell": "B",
        "Price": 50,
        "Quantity": 40,
        "Sequence": 5,
        "Symbol": "META"
    },
    {
        "BuySell": "S",
        "Price": 55,
        "Quantity": 30,
        "Sequence": 6,
        "Symbol": "META"
    },
    {
        "BuySell": "S",
        "Price": 57,
        "Quantity": 20,
        "Sequence": 7,
        "Symbol": "META"
    },
    {
        "BuySell": "B",
        "Price": 150,
        "Quantity": 25,
        "Sequence": 8,
        "Symbol": "MSFT"
    },
    {
        "BuySell": "S",
        "Price": 155,
        "Quantity": 15,
        "Sequence": 9,
        "Symbol": "MSFT"
    },
    {
        "BuySell": "B",
        "Price": 148,
        "Quantity": 20,
        "Sequence": 10,
        "Symbol": "MSFT"
    },
    {
        "BuySell": "B",
        "Price": 3000,
        "Quantity": 10,
        "Sequence": 11,
        "Symbol": "AMZN"
    },
    {
        "BuySell": "B",
        "Price": 2999,
        "Quantity": 5,
        "Sequence": 12,
        "Symbol": "AMZN"
    },
    {
        "BuySell": "S",
        "Price": 3020,
        "Quantity": 15,
        "Sequence": 13,
        "Symbol": "AMZN"
    },
    {
        "BuySell": "S",
        "Price": 3015,
        "Quantity": 10,
        "Sequence": 14,
        "Symbol": "AMZN"
    }
]
