{
	"AUTOGEN_COMMAND_LINE_LENGTH_MAX" : 32000,
	"BUILD_DIR" : "C:/Users/Imran/Desktop/ABX_EXCHANGE_SOLUTION/build-ABX_EXCHANGE_SOLUTION-debug/ABX_EXCHANGE_SOLUTION_autogen",
	"CMAKE_BINARY_DIR" : "C:/Users/Imran/Desktop/ABX_EXCHANGE_SOLUTION/build-ABX_EXCHANGE_SOLUTION-debug",
	"CMAKE_CURRENT_BINARY_DIR" : "C:/Users/Imran/Desktop/ABX_EXCHANGE_SOLUTION/build-ABX_EXCHANGE_SOLUTION-debug",
	"CMAKE_CURRENT_SOURCE_DIR" : "C:/Users/Imran/Desktop/ABX_EXCHANGE_SOLUTION",
	"CMAKE_EXECUTABLE" : "C:/Qt/Tools/CMake_64/bin/cmake.exe",
	"CMAKE_LIST_FILES" : 
	[
		"C:/Users/Imran/Desktop/ABX_EXCHANGE_SOLUTION/CMakeLists.txt",
		"C:/Users/Imran/Desktop/ABX_EXCHANGE_SOLUTION/build-ABX_EXCHANGE_SOLUTION-debug/.qtc/package-manager/auto-setup.cmake",
		"C:/Users/Imran/Desktop/ABX_EXCHANGE_SOLUTION/build-ABX_EXCHANGE_SOLUTION-debug/CMakeFiles/3.29.3/CMakeSystem.cmake",
		"C:/Qt/Tools/CMake_64/share/cmake-3.29/Modules/CMakeSystemSpecificInitialize.cmake",
		"C:/Qt/Tools/CMake_64/share/cmake-3.29/Modules/Platform/Windows-Initialize.cmake",
		"C:/Users/Imran/Desktop/ABX_EXCHANGE_SOLUTION/build-ABX_EXCHANGE_SOLUTION-debug/CMakeFiles/3.29.3/CMakeCXXCompiler.cmake",
		"C:/Qt/Tools/CMake_64/share/cmake-3.29/Modules/CMakeSystemSpecificInformation.cmake",
		"C:/Qt/Tools/CMake_64/share/cmake-3.29/Modules/CMakeGenericSystem.cmake",
		"C:/Qt/Tools/CMake_64/share/cmake-3.29/Modules/CMakeInitializeConfigs.cmake",
		"C:/Qt/Tools/CMake_64/share/cmake-3.29/Modules/Platform/Windows.cmake",
		"C:/Qt/Tools/CMake_64/share/cmake-3.29/Modules/Platform/WindowsPaths.cmake",
		"C:/Qt/Tools/CMake_64/share/cmake-3.29/Modules/CMakeCXXInformation.cmake",
		"C:/Qt/Tools/CMake_64/share/cmake-3.29/Modules/CMakeLanguageInformation.cmake",
		"C:/Qt/Tools/CMake_64/share/cmake-3.29/Modules/Compiler/GNU-CXX.cmake",
		"C:/Qt/Tools/CMake_64/share/cmake-3.29/Modules/Compiler/GNU.cmake",
		"C:/Qt/Tools/CMake_64/share/cmake-3.29/Modules/Compiler/CMakeCommonCompilerMacros.cmake",
		"C:/Qt/Tools/CMake_64/share/cmake-3.29/Modules/Platform/Windows-GNU-CXX.cmake",
		"C:/Qt/Tools/CMake_64/share/cmake-3.29/Modules/Platform/Windows-GNU.cmake",
		"C:/Users/Imran/Desktop/ABX_EXCHANGE_SOLUTION/build-ABX_EXCHANGE_SOLUTION-debug/CMakeFiles/3.29.3/CMakeRCCompiler.cmake",
		"C:/Qt/Tools/CMake_64/share/cmake-3.29/Modules/CMakeRCInformation.cmake",
		"C:/Qt/Tools/CMake_64/share/cmake-3.29/Modules/Platform/Windows-windres.cmake",
		"C:/Qt/Tools/CMake_64/share/cmake-3.29/Modules/Platform/Windows-GNU-CXX-ABI.cmake",
		"C:/Qt/Tools/CMake_64/share/cmake-3.29/Modules/CMakeCommonLanguageInclude.cmake",
		"C:/Qt/6.8.2/mingw_64/lib/cmake/Qt6/Qt6ConfigVersion.cmake",
		"C:/Qt/6.8.2/mingw_64/lib/cmake/Qt6/Qt6ConfigVersionImpl.cmake",
		"C:/Qt/6.8.2/mingw_64/lib/cmake/Qt6/Qt6Config.cmake",
		"C:/Qt/6.8.2/mingw_64/lib/cmake/Qt6/Qt6ConfigExtras.cmake",
		"C:/Qt/6.8.2/mingw_64/lib/cmake/Qt6/QtPublicCMakeVersionHelpers.cmake",
		"C:/Qt/6.8.2/mingw_64/lib/cmake/Qt6/QtPublicCMakeHelpers.cmake",
		"C:/Qt/6.8.2/mingw_64/lib/cmake/Qt6/QtInstallPaths.cmake",
		"C:/Qt/6.8.2/mingw_64/lib/cmake/Qt6/Qt6Targets.cmake",
		"C:/Qt/6.8.2/mingw_64/lib/cmake/Qt6/Qt6VersionlessAliasTargets.cmake",
		"C:/Qt/6.8.2/mingw_64/lib/cmake/Qt6/QtFeature.cmake",
		"C:/Qt/Tools/CMake_64/share/cmake-3.29/Modules/CheckCXXCompilerFlag.cmake",
		"C:/Qt/Tools/CMake_64/share/cmake-3.29/Modules/Internal/CheckCompilerFlag.cmake",
		"C:/Qt/Tools/CMake_64/share/cmake-3.29/Modules/Internal/CheckFlagCommonConfig.cmake",
		"C:/Qt/Tools/CMake_64/share/cmake-3.29/Modules/Internal/CheckSourceCompiles.cmake",
		"C:/Qt/Tools/CMake_64/share/cmake-3.29/Modules/CMakeCheckCompilerFlagCommonPatterns.cmake",
		"C:/Qt/Tools/CMake_64/share/cmake-3.29/Modules/CheckCXXSourceCompiles.cmake",
		"C:/Qt/Tools/CMake_64/share/cmake-3.29/Modules/Internal/CheckSourceCompiles.cmake",
		"C:/Qt/6.8.2/mingw_64/lib/cmake/Qt6/QtFeatureCommon.cmake",
		"C:/Qt/6.8.2/mingw_64/lib/cmake/Qt6/QtPublicAppleHelpers.cmake",
		"C:/Qt/6.8.2/mingw_64/lib/cmake/Qt6/QtPublicCMakeHelpers.cmake",
		"C:/Qt/6.8.2/mingw_64/lib/cmake/Qt6/QtPublicCMakeVersionHelpers.cmake",
		"C:/Qt/6.8.2/mingw_64/lib/cmake/Qt6/QtPublicDependencyHelpers.cmake",
		"C:/Qt/6.8.2/mingw_64/lib/cmake/Qt6/QtPublicExternalProjectHelpers.cmake",
		"C:/Qt/6.8.2/mingw_64/lib/cmake/Qt6/QtPublicFinalizerHelpers.cmake",
		"C:/Qt/6.8.2/mingw_64/lib/cmake/Qt6/QtPublicFindPackageHelpers.cmake",
		"C:/Qt/6.8.2/mingw_64/lib/cmake/Qt6/QtPublicGitHelpers.cmake",
		"C:/Qt/6.8.2/mingw_64/lib/cmake/Qt6/QtPublicPluginHelpers.cmake",
		"C:/Qt/6.8.2/mingw_64/lib/cmake/Qt6/QtPublicSbomAttributionHelpers.cmake",
		"C:/Qt/6.8.2/mingw_64/lib/cmake/Qt6/QtPublicSbomCpeHelpers.cmake",
		"C:/Qt/6.8.2/mingw_64/lib/cmake/Qt6/QtPublicSbomDepHelpers.cmake",
		"C:/Qt/6.8.2/mingw_64/lib/cmake/Qt6/QtPublicSbomFileHelpers.cmake",
		"C:/Qt/6.8.2/mingw_64/lib/cmake/Qt6/QtPublicSbomGenerationHelpers.cmake",
		"C:/Qt/6.8.2/mingw_64/lib/cmake/Qt6/QtPublicSbomHelpers.cmake",
		"C:/Qt/6.8.2/mingw_64/lib/cmake/Qt6/QtPublicSbomLicenseHelpers.cmake",
		"C:/Qt/6.8.2/mingw_64/lib/cmake/Qt6/QtPublicSbomOpsHelpers.cmake",
		"C:/Qt/6.8.2/mingw_64/lib/cmake/Qt6/QtPublicSbomPurlHelpers.cmake",
		"C:/Qt/6.8.2/mingw_64/lib/cmake/Qt6/QtPublicSbomPythonHelpers.cmake",
		"C:/Qt/6.8.2/mingw_64/lib/cmake/Qt6/QtPublicSbomSystemDepHelpers.cmake",
		"C:/Qt/6.8.2/mingw_64/lib/cmake/Qt6/QtPublicTargetHelpers.cmake",
		"C:/Qt/6.8.2/mingw_64/lib/cmake/Qt6/QtPublicTestHelpers.cmake",
		"C:/Qt/6.8.2/mingw_64/lib/cmake/Qt6/QtPublicToolHelpers.cmake",
		"C:/Qt/6.8.2/mingw_64/lib/cmake/Qt6/QtPublicWalkLibsHelpers.cmake",
		"C:/Qt/Tools/CMake_64/share/cmake-3.29/Modules/CMakeFindDependencyMacro.cmake",
		"C:/Qt/6.8.2/mingw_64/lib/cmake/Qt6/Qt6Dependencies.cmake",
		"C:/Qt/Tools/CMake_64/share/cmake-3.29/Modules/FindThreads.cmake",
		"C:/Qt/Tools/CMake_64/share/cmake-3.29/Modules/CheckLibraryExists.cmake",
		"C:/Qt/Tools/CMake_64/share/cmake-3.29/Modules/CheckIncludeFileCXX.cmake",
		"C:/Qt/Tools/CMake_64/share/cmake-3.29/Modules/CheckCXXSourceCompiles.cmake",
		"C:/Qt/Tools/CMake_64/share/cmake-3.29/Modules/FindPackageHandleStandardArgs.cmake",
		"C:/Qt/Tools/CMake_64/share/cmake-3.29/Modules/FindPackageMessage.cmake",
		"C:/Qt/6.8.2/mingw_64/lib/cmake/Qt6/Qt6ConfigVersion.cmake",
		"C:/Qt/6.8.2/mingw_64/lib/cmake/Qt6/Qt6ConfigVersionImpl.cmake",
		"C:/Qt/6.8.2/mingw_64/lib/cmake/Qt6/Qt6Config.cmake",
		"C:/Qt/6.8.2/mingw_64/lib/cmake/Qt6/Qt6ConfigExtras.cmake",
		"C:/Qt/6.8.2/mingw_64/lib/cmake/Qt6/QtPublicCMakeVersionHelpers.cmake",
		"C:/Qt/6.8.2/mingw_64/lib/cmake/Qt6/QtPublicCMakeHelpers.cmake",
		"C:/Qt/6.8.2/mingw_64/lib/cmake/Qt6/QtInstallPaths.cmake",
		"C:/Qt/6.8.2/mingw_64/lib/cmake/Qt6/Qt6Targets.cmake",
		"C:/Qt/6.8.2/mingw_64/lib/cmake/Qt6/Qt6VersionlessAliasTargets.cmake",
		"C:/Qt/6.8.2/mingw_64/lib/cmake/Qt6/QtFeature.cmake",
		"C:/Qt/Tools/CMake_64/share/cmake-3.29/Modules/CheckCXXCompilerFlag.cmake",
		"C:/Qt/6.8.2/mingw_64/lib/cmake/Qt6/QtFeatureCommon.cmake",
		"C:/Qt/6.8.2/mingw_64/lib/cmake/Qt6/QtPublicAppleHelpers.cmake",
		"C:/Qt/6.8.2/mingw_64/lib/cmake/Qt6/QtPublicCMakeHelpers.cmake",
		"C:/Qt/6.8.2/mingw_64/lib/cmake/Qt6/QtPublicCMakeVersionHelpers.cmake",
		"C:/Qt/6.8.2/mingw_64/lib/cmake/Qt6/QtPublicDependencyHelpers.cmake",
		"C:/Qt/6.8.2/mingw_64/lib/cmake/Qt6/QtPublicExternalProjectHelpers.cmake",
		"C:/Qt/6.8.2/mingw_64/lib/cmake/Qt6/QtPublicFinalizerHelpers.cmake",
		"C:/Qt/6.8.2/mingw_64/lib/cmake/Qt6/QtPublicFindPackageHelpers.cmake",
		"C:/Qt/6.8.2/mingw_64/lib/cmake/Qt6/QtPublicGitHelpers.cmake",
		"C:/Qt/6.8.2/mingw_64/lib/cmake/Qt6/QtPublicPluginHelpers.cmake",
		"C:/Qt/6.8.2/mingw_64/lib/cmake/Qt6/QtPublicSbomAttributionHelpers.cmake",
		"C:/Qt/6.8.2/mingw_64/lib/cmake/Qt6/QtPublicSbomCpeHelpers.cmake",
		"C:/Qt/6.8.2/mingw_64/lib/cmake/Qt6/QtPublicSbomDepHelpers.cmake",
		"C:/Qt/6.8.2/mingw_64/lib/cmake/Qt6/QtPublicSbomFileHelpers.cmake",
		"C:/Qt/6.8.2/mingw_64/lib/cmake/Qt6/QtPublicSbomGenerationHelpers.cmake",
		"C:/Qt/6.8.2/mingw_64/lib/cmake/Qt6/QtPublicSbomHelpers.cmake",
		"C:/Qt/6.8.2/mingw_64/lib/cmake/Qt6/QtPublicSbomLicenseHelpers.cmake",
		"C:/Qt/6.8.2/mingw_64/lib/cmake/Qt6/QtPublicSbomOpsHelpers.cmake",
		"C:/Qt/6.8.2/mingw_64/lib/cmake/Qt6/QtPublicSbomPurlHelpers.cmake",
		"C:/Qt/6.8.2/mingw_64/lib/cmake/Qt6/QtPublicSbomPythonHelpers.cmake",
		"C:/Qt/6.8.2/mingw_64/lib/cmake/Qt6/QtPublicSbomSystemDepHelpers.cmake",
		"C:/Qt/6.8.2/mingw_64/lib/cmake/Qt6/QtPublicTargetHelpers.cmake",
		"C:/Qt/6.8.2/mingw_64/lib/cmake/Qt6/QtPublicTestHelpers.cmake",
		"C:/Qt/6.8.2/mingw_64/lib/cmake/Qt6/QtPublicToolHelpers.cmake",
		"C:/Qt/6.8.2/mingw_64/lib/cmake/Qt6/QtPublicWalkLibsHelpers.cmake",
		"C:/Qt/Tools/CMake_64/share/cmake-3.29/Modules/CMakeFindDependencyMacro.cmake",
		"C:/Qt/6.8.2/mingw_64/lib/cmake/Qt6/Qt6Dependencies.cmake",
		"C:/Qt/6.8.2/mingw_64/lib/cmake/Qt6Core/Qt6CoreConfigVersion.cmake",
		"C:/Qt/6.8.2/mingw_64/lib/cmake/Qt6Core/Qt6CoreConfigVersionImpl.cmake",
		"C:/Qt/6.8.2/mingw_64/lib/cmake/Qt6Core/Qt6CoreConfig.cmake",
		"C:/Qt/Tools/CMake_64/share/cmake-3.29/Modules/CMakeFindDependencyMacro.cmake",
		"C:/Qt/6.8.2/mingw_64/lib/cmake/Qt6Core/Qt6CoreDependencies.cmake",
		"C:/Qt/6.8.2/mingw_64/lib/cmake/Qt6/FindWrapAtomic.cmake",
		"C:/Qt/Tools/CMake_64/share/cmake-3.29/Modules/CheckCXXSourceCompiles.cmake",
		"C:/Qt/Tools/CMake_64/share/cmake-3.29/Modules/FindPackageHandleStandardArgs.cmake",
		"C:/Qt/Tools/CMake_64/share/cmake-3.29/Modules/FindPackageMessage.cmake",
		"C:/Qt/6.8.2/mingw_64/lib/cmake/Qt6CoreTools/Qt6CoreToolsConfigVersion.cmake",
		"C:/Qt/6.8.2/mingw_64/lib/cmake/Qt6CoreTools/Qt6CoreToolsConfigVersionImpl.cmake",
		"C:/Qt/6.8.2/mingw_64/lib/cmake/Qt6CoreTools/Qt6CoreToolsConfig.cmake",
		"C:/Qt/Tools/CMake_64/share/cmake-3.29/Modules/CMakeFindDependencyMacro.cmake",
		"C:/Qt/6.8.2/mingw_64/lib/cmake/Qt6CoreTools/Qt6CoreToolsDependencies.cmake",
		"C:/Qt/6.8.2/mingw_64/lib/cmake/Qt6CoreTools/Qt6CoreToolsTargets.cmake",
		"C:/Qt/6.8.2/mingw_64/lib/cmake/Qt6CoreTools/Qt6CoreToolsTargets-relwithdebinfo.cmake",
		"C:/Qt/6.8.2/mingw_64/lib/cmake/Qt6CoreTools/Qt6CoreToolsAdditionalTargetInfo.cmake",
		"C:/Qt/6.8.2/mingw_64/lib/cmake/Qt6CoreTools/Qt6CoreToolsVersionlessTargets.cmake",
		"C:/Qt/6.8.2/mingw_64/lib/cmake/Qt6ZlibPrivate/Qt6ZlibPrivateConfigVersion.cmake",
		"C:/Qt/6.8.2/mingw_64/lib/cmake/Qt6ZlibPrivate/Qt6ZlibPrivateConfigVersionImpl.cmake",
		"C:/Qt/6.8.2/mingw_64/lib/cmake/Qt6ZlibPrivate/Qt6ZlibPrivateConfig.cmake",
		"C:/Qt/Tools/CMake_64/share/cmake-3.29/Modules/CMakeFindDependencyMacro.cmake",
		"C:/Qt/6.8.2/mingw_64/lib/cmake/Qt6ZlibPrivate/Qt6ZlibPrivateTargets.cmake",
		"C:/Qt/6.8.2/mingw_64/lib/cmake/Qt6ZlibPrivate/Qt6ZlibPrivateAdditionalTargetInfo.cmake",
		"C:/Qt/6.8.2/mingw_64/lib/cmake/Qt6ZlibPrivate/Qt6ZlibPrivateVersionlessAliasTargets.cmake",
		"C:/Qt/6.8.2/mingw_64/lib/cmake/Qt6EntryPointPrivate/Qt6EntryPointPrivateConfigVersion.cmake",
		"C:/Qt/6.8.2/mingw_64/lib/cmake/Qt6EntryPointPrivate/Qt6EntryPointPrivateConfigVersionImpl.cmake",
		"C:/Qt/6.8.2/mingw_64/lib/cmake/Qt6EntryPointPrivate/Qt6EntryPointPrivateConfig.cmake",
		"C:/Qt/Tools/CMake_64/share/cmake-3.29/Modules/CMakeFindDependencyMacro.cmake",
		"C:/Qt/6.8.2/mingw_64/lib/cmake/Qt6EntryPointPrivate/Qt6EntryPointPrivateTargets.cmake",
		"C:/Qt/6.8.2/mingw_64/lib/cmake/Qt6EntryPointPrivate/Qt6EntryPointPrivateTargets-relwithdebinfo.cmake",
		"C:/Qt/6.8.2/mingw_64/lib/cmake/Qt6EntryPointPrivate/Qt6EntryPointPrivateAdditionalTargetInfo.cmake",
		"C:/Qt/6.8.2/mingw_64/lib/cmake/Qt6EntryPointPrivate/Qt6EntryPointMinGW32Target.cmake",
		"C:/Qt/6.8.2/mingw_64/lib/cmake/Qt6EntryPointPrivate/Qt6EntryPointPrivateVersionlessAliasTargets.cmake",
		"C:/Qt/6.8.2/mingw_64/lib/cmake/Qt6Core/Qt6CoreTargets.cmake",
		"C:/Qt/6.8.2/mingw_64/lib/cmake/Qt6Core/Qt6CoreTargets-relwithdebinfo.cmake",
		"C:/Qt/6.8.2/mingw_64/lib/cmake/Qt6Core/Qt6CoreAdditionalTargetInfo.cmake",
		"C:/Qt/6.8.2/mingw_64/lib/cmake/Qt6Core/Qt6CoreMacros.cmake",
		"C:/Qt/6.8.2/mingw_64/lib/cmake/Qt6Core/Qt6CoreConfigExtras.cmake",
		"C:/Qt/Tools/CMake_64/share/cmake-3.29/Modules/GNUInstallDirs.cmake",
		"C:/Qt/6.8.2/mingw_64/lib/cmake/Qt6Core/Qt6CoreVersionlessAliasTargets.cmake",
		"C:/Qt/6.8.2/mingw_64/lib/cmake/Qt6Network/Qt6NetworkConfigVersion.cmake",
		"C:/Qt/6.8.2/mingw_64/lib/cmake/Qt6Network/Qt6NetworkConfigVersionImpl.cmake",
		"C:/Qt/6.8.2/mingw_64/lib/cmake/Qt6Network/Qt6NetworkConfig.cmake",
		"C:/Qt/Tools/CMake_64/share/cmake-3.29/Modules/CMakeFindDependencyMacro.cmake",
		"C:/Qt/6.8.2/mingw_64/lib/cmake/Qt6Network/Qt6NetworkDependencies.cmake",
		"C:/Qt/6.8.2/mingw_64/lib/cmake/Qt6Network/Qt6NetworkTargets.cmake",
		"C:/Qt/6.8.2/mingw_64/lib/cmake/Qt6Network/Qt6NetworkTargets-relwithdebinfo.cmake",
		"C:/Qt/6.8.2/mingw_64/lib/cmake/Qt6Network/Qt6NetworkAdditionalTargetInfo.cmake",
		"C:/Qt/6.8.2/mingw_64/lib/cmake/Qt6Network/Qt6NetworkPlugins.cmake",
		"C:/Qt/6.8.2/mingw_64/lib/cmake/Qt6Network/Qt6QNLMNIPluginConfig.cmake",
		"C:/Qt/Tools/CMake_64/share/cmake-3.29/Modules/CMakeFindDependencyMacro.cmake",
		"C:/Qt/6.8.2/mingw_64/lib/cmake/Qt6Network/Qt6QNLMNIPluginTargets.cmake",
		"C:/Qt/6.8.2/mingw_64/lib/cmake/Qt6Network/Qt6QNLMNIPluginTargets-relwithdebinfo.cmake",
		"C:/Qt/6.8.2/mingw_64/lib/cmake/Qt6Network/Qt6QNLMNIPluginAdditionalTargetInfo.cmake",
		"C:/Qt/6.8.2/mingw_64/lib/cmake/Qt6Network/Qt6QSchannelBackendPluginConfig.cmake",
		"C:/Qt/Tools/CMake_64/share/cmake-3.29/Modules/CMakeFindDependencyMacro.cmake",
		"C:/Qt/6.8.2/mingw_64/lib/cmake/Qt6Network/Qt6QSchannelBackendPluginTargets.cmake",
		"C:/Qt/6.8.2/mingw_64/lib/cmake/Qt6Network/Qt6QSchannelBackendPluginTargets-relwithdebinfo.cmake",
		"C:/Qt/6.8.2/mingw_64/lib/cmake/Qt6Network/Qt6QSchannelBackendPluginAdditionalTargetInfo.cmake",
		"C:/Qt/6.8.2/mingw_64/lib/cmake/Qt6Network/Qt6QTlsBackendCertOnlyPluginConfig.cmake",
		"C:/Qt/Tools/CMake_64/share/cmake-3.29/Modules/CMakeFindDependencyMacro.cmake",
		"C:/Qt/6.8.2/mingw_64/lib/cmake/Qt6Network/Qt6QTlsBackendCertOnlyPluginTargets.cmake",
		"C:/Qt/6.8.2/mingw_64/lib/cmake/Qt6Network/Qt6QTlsBackendCertOnlyPluginTargets-relwithdebinfo.cmake",
		"C:/Qt/6.8.2/mingw_64/lib/cmake/Qt6Network/Qt6QTlsBackendCertOnlyPluginAdditionalTargetInfo.cmake",
		"C:/Qt/6.8.2/mingw_64/lib/cmake/Qt6Network/Qt6QTlsBackendOpenSSLPluginConfig.cmake",
		"C:/Qt/Tools/CMake_64/share/cmake-3.29/Modules/CMakeFindDependencyMacro.cmake",
		"C:/Qt/6.8.2/mingw_64/lib/cmake/Qt6Network/Qt6QTlsBackendOpenSSLPluginTargets.cmake",
		"C:/Qt/6.8.2/mingw_64/lib/cmake/Qt6Network/Qt6QTlsBackendOpenSSLPluginTargets-relwithdebinfo.cmake",
		"C:/Qt/6.8.2/mingw_64/lib/cmake/Qt6Network/Qt6QTlsBackendOpenSSLPluginAdditionalTargetInfo.cmake",
		"C:/Qt/6.8.2/mingw_64/lib/cmake/Qt6Network/Qt6NetworkVersionlessAliasTargets.cmake",
		"C:/Qt/Tools/CMake_64/share/cmake-3.29/Modules/GNUInstallDirs.cmake"
	],
	"CMAKE_SOURCE_DIR" : "C:/Users/Imran/Desktop/ABX_EXCHANGE_SOLUTION",
	"CROSS_CONFIG" : false,
	"DEP_FILE" : "C:/Users/Imran/Desktop/ABX_EXCHANGE_SOLUTION/build-ABX_EXCHANGE_SOLUTION-debug/ABX_EXCHANGE_SOLUTION_autogen/deps",
	"DEP_FILE_RULE_NAME" : "ABX_EXCHANGE_SOLUTION_autogen/timestamp",
	"HEADERS" : 
	[
		[
			"C:/Users/Imran/Desktop/ABX_EXCHANGE_SOLUTION/exchangehandler.h",
			"MU",
			"EWIEGA46WW/moc_exchangehandler.cpp",
			null
		]
	],
	"HEADER_EXTENSIONS" : [ "h", "hh", "h++", "hm", "hpp", "hxx", "in", "txx" ],
	"INCLUDE_DIR" : "C:/Users/Imran/Desktop/ABX_EXCHANGE_SOLUTION/build-ABX_EXCHANGE_SOLUTION-debug/ABX_EXCHANGE_SOLUTION_autogen/include",
	"MOC_COMPILATION_FILE" : "C:/Users/Imran/Desktop/ABX_EXCHANGE_SOLUTION/build-ABX_EXCHANGE_SOLUTION-debug/ABX_EXCHANGE_SOLUTION_autogen/mocs_compilation.cpp",
	"MOC_DEFINITIONS" : 
	[
		"MINGW_HAS_SECURE_API=1",
		"QT_CORE_LIB",
		"QT_NETWORK_LIB",
		"UNICODE",
		"WIN32",
		"WIN64",
		"_ENABLE_EXTENDED_ALIGNED_STORAGE",
		"_UNICODE",
		"_WIN64"
	],
	"MOC_DEPEND_FILTERS" : 
	[
		[
			"Q_PLUGIN_METADATA",
			"[\n][ \t]*Q_PLUGIN_METADATA[ \t]*\\([^\\)]*FILE[ \t]*\"([^\"]+)\""
		]
	],
	"MOC_INCLUDES" : 
	[
		"C:/Qt/6.8.2/mingw_64/include/QtCore",
		"C:/Qt/6.8.2/mingw_64/include",
		"C:/Qt/6.8.2/mingw_64/mkspecs/win32-g++",
		"C:/Qt/6.8.2/mingw_64/include/QtNetwork",
		"C:/Qt/Tools/mingw1310_64/lib/gcc/x86_64-w64-mingw32/13.1.0/include/c++",
		"C:/Qt/Tools/mingw1310_64/lib/gcc/x86_64-w64-mingw32/13.1.0/include/c++/x86_64-w64-mingw32",
		"C:/Qt/Tools/mingw1310_64/lib/gcc/x86_64-w64-mingw32/13.1.0/include/c++/backward",
		"C:/Qt/Tools/mingw1310_64/lib/gcc/x86_64-w64-mingw32/13.1.0/include",
		"C:/Qt/Tools/mingw1310_64/lib/gcc/x86_64-w64-mingw32/13.1.0/include-fixed",
		"C:/Qt/Tools/mingw1310_64/x86_64-w64-mingw32/include"
	],
	"MOC_MACRO_NAMES" : 
	[
		"Q_OBJECT",
		"Q_GADGET",
		"Q_NAMESPACE",
		"Q_NAMESPACE_EXPORT",
		"Q_GADGET_EXPORT",
		"Q_ENUM_NS"
	],
	"MOC_OPTIONS" : [],
	"MOC_PATH_PREFIX" : false,
	"MOC_PREDEFS_CMD" : 
	[
		"C:/Qt/Tools/mingw1310_64/bin/g++.exe",
		"-std=gnu++17",
		"-dM",
		"-E",
		"-c",
		"C:/Qt/Tools/CMake_64/share/cmake-3.29/Modules/CMakeCXXCompilerABI.cpp"
	],
	"MOC_PREDEFS_FILE" : "C:/Users/Imran/Desktop/ABX_EXCHANGE_SOLUTION/build-ABX_EXCHANGE_SOLUTION-debug/ABX_EXCHANGE_SOLUTION_autogen/moc_predefs.h",
	"MOC_RELAXED_MODE" : false,
	"MOC_SKIP" : [],
	"MULTI_CONFIG" : false,
	"PARALLEL" : 4,
	"PARSE_CACHE_FILE" : "C:/Users/Imran/Desktop/ABX_EXCHANGE_SOLUTION/build-ABX_EXCHANGE_SOLUTION-debug/CMakeFiles/ABX_EXCHANGE_SOLUTION_autogen.dir/ParseCache.txt",
	"QT_MOC_EXECUTABLE" : "C:/Qt/6.8.2/mingw_64/bin/moc.exe",
	"QT_UIC_EXECUTABLE" : "",
	"QT_VERSION_MAJOR" : 6,
	"QT_VERSION_MINOR" : 8,
	"SETTINGS_FILE" : "C:/Users/Imran/Desktop/ABX_EXCHANGE_SOLUTION/build-ABX_EXCHANGE_SOLUTION-debug/CMakeFiles/ABX_EXCHANGE_SOLUTION_autogen.dir/AutogenUsed.txt",
	"SOURCES" : 
	[
		[
			"C:/Users/Imran/Desktop/ABX_EXCHANGE_SOLUTION/exchangehandler.cpp",
			"MU",
			null
		],
		[ "C:/Users/Imran/Desktop/ABX_EXCHANGE_SOLUTION/main.cpp", "MU", null ]
	],
	"UIC_OPTIONS" : [],
	"UIC_SEARCH_PATHS" : [],
	"UIC_SKIP" : [],
	"UIC_UI_FILES" : [],
	"USE_BETTER_GRAPH" : true,
	"VERBOSITY" : 0
}
